customer_id,first_name,last_name,age,email,phone_number
1,Win,Skrines,84,wskrines0@topsy.com,301-625-1844
2,Harmonie,Hexter,37,hhexter1@hatena.ne.jp,549-600-4069
3,Emelda,Caulcott,50,ecaulcott2@elpais.com,688-892-5074
4,Tessy,Veck,44,tveck3@plala.or.jp,283-562-6789
5,Dawna,Hathway,81,dhathway4@icq.com,627-621-3372
6,Zelig,Cowherd,75,zcowherd5@miibeian.gov.cn,903-820-7066
7,Fern,Hedaux,74,fhedaux6@fotki.com,866-786-2363
8,Adriena,Rodenborch,46,arodenborch7@gravatar.com,757-522-2956
9,Carrol,Hiddsley,40,chiddsley8@umn.edu,604-584-1294
10,Roz,Bannerman,59,rbannerman9@wunderground.com,496-430-3379
11,Leilah,Mc Ilory,40,lmcilorya@ibm.com,391-605-9840
12,Alasdair,Ebbers,74,aebbersb@nyu.edu,870-216-2247
13,Tony,Ennor,34,tennorc@ft.com,912-584-8210
14,Patsy,Zealey,72,pzealeyd@dell.com,480-584-5452
15,Julie,Scroggs,54,jscroggse@si.edu,818-168-7675
16,Sol,Yardley,79,syardleyf@archive.org,365-353-8158
17,Margie,Schankelborg,53,mschankelborgg@fema.gov,357-262-5922
18,Forester,Pie,43,fpieh@skyrock.com,895-154-8464
19,Towney,Greedy,27,tgreedyi@pagesperso-orange.fr,215-255-5009
20,Paolina,Hundley,77,phundleyj@hubpages.com,882-222-5543
21,Thebault,Chaulk,32,tchaulkk@symantec.com,602-302-9517
22,Hermon,Beeswing,65,hbeeswingl@patch.com,724-600-6572
23,Carly,Marston,74,cmarstonm@ca.gov,183-961-3118
24,Alessandra,Arkow,19,aarkown@chicagotribune.com,155-393-5495
25,Morrie,Ricardet,61,mricardeto@altervista.org,855-983-4739
26,Kerry,Antonio,81,kantoniop@google.es,416-423-1813
27,Natal,Roofe,44,nroofeq@examiner.com,389-536-0094
28,Sharl,Scarse,70,sscarser@redcross.org,947-653-3576
29,Myriam,Gartside,36,mgartsides@google.de,186-726-7656
30,Valdemar,Vanni,63,vvannit@foxnews.com,874-336-4340
31,Tyler,Giacobazzi,55,tgiacobazziu@timesonline.co.uk,666-310-8583
32,Parker,Tiffin,54,ptiffinv@usa.gov,623-200-8757
33,Leanora,Stebbings,63,lstebbingsw@sourceforge.net,509-287-3340
34,Gisele,Tenny,30,gtennyx@merriam-webster.com,888-511-9002
35,Saraann,Mustoo,83,smustooy@tuttocitta.it,568-760-0634
36,Woodie,Atlay,52,watlayz@ebay.co.uk,635-627-8498
37,Sherie,Habercham,66,shabercham10@barnesandnoble.com,492-234-6795
38,Monro,Tasseler,49,mtasseler11@bloglovin.com,662-148-9389
39,Murielle,de Clerc,53,mdeclerc12@photobucket.com,662-573-4321
40,Kayla,Crain,77,kcrain13@hao123.com,980-676-0641
41,Boot,Peverell,60,bpeverell14@umn.edu,718-415-1725
42,Myrtle,Hankins,26,mhankins15@blog.com,186-477-9268
43,Auguste,Madgwich,29,amadgwich16@altervista.org,514-406-8361
44,Nat,Trask,29,ntrask17@hostgator.com,430-478-7877
45,Abie,Coil,26,acoil18@wiley.com,944-691-4728
46,Bert,Huws,56,bhuws19@ovh.net,144-703-6119
47,Hilliard,Roose,23,hroose1a@tripadvisor.com,329-462-5606
48,Daphne,Aylen,24,daylen1b@dot.gov,552-436-5648
49,Delora,Collen,23,dcollen1c@virginia.edu,517-767-3236
50,Alexandrina,Cicco,49,acicco1d@mtv.com,762-440-3778
51,Dav,Mothersdale,82,dmothersdale1e@php.net,930-374-7239
52,Germaine,Darko,62,gdarko1f@sogou.com,209-326-6039
53,Corette,Andrys,46,candrys1g@usgs.gov,661-190-3200
54,Raymond,Emburey,81,remburey1h@skyrock.com,721-796-2708
55,Astra,Bartelet,39,abartelet1i@gnu.org,967-963-1829
56,Cyrus,O'Neill,70,coneill1j@photobucket.com,173-414-0029
57,Ettie,Kynan,56,ekynan1k@homestead.com,253-832-6031
58,Dukie,Delle,49,ddelle1l@pbs.org,186-487-2865
59,Ajay,Couper,76,acouper1m@examiner.com,761-944-2597
60,Hayley,Marunchak,76,hmarunchak1n@techcrunch.com,278-840-8963
61,Conway,Lindley,77,clindley1o@telegraph.co.uk,435-175-3190
62,Mattheus,Ubsdell,74,mubsdell1p@printfriendly.com,266-529-4439
63,Vanya,Hickisson,39,vhickisson1q@pagesperso-orange.fr,172-925-9383
64,Madelle,Feaveryear,22,mfeaveryear1r@bing.com,918-121-1252
65,Vale,Fitter,40,vfitter1s@goo.gl,628-665-2755
66,Randene,Willmetts,72,rwillmetts1t@seesaa.net,448-471-6863
67,Stephie,Jahndel,38,sjahndel1u@csmonitor.com,840-902-3849
68,Carin,Treadgear,37,ctreadgear1v@time.com,693-664-5485
69,Doreen,Freeth,71,dfreeth1w@theglobeandmail.com,300-411-7949
70,Valaree,Thomassen,58,vthomassen1x@globo.com,958-601-3166
71,Lyda,Grierson,36,lgrierson1y@tinyurl.com,881-986-9842
72,Quent,Shearwood,43,qshearwood1z@yahoo.com,125-554-1247
73,Cyb,Theodoris,80,ctheodoris20@unesco.org,816-790-9307
74,Anneliese,O'Shea,32,aoshea21@slideshare.net,919-205-5553
75,Rachel,Saberton,57,rsaberton22@purevolume.com,915-799-5819
76,Gael,Shiers,77,gshiers23@wiley.com,427-384-8721
77,Eugen,Dohmann,19,edohmann24@npr.org,787-109-4586
78,Herb,Newrick,56,hnewrick25@cargocollective.com,198-467-2410
79,Coletta,Whye,52,cwhye26@typepad.com,554-392-8360
80,Hogan,Zelner,78,hzelner27@about.me,963-482-4066
81,Winona,Camin,75,wcamin28@narod.ru,595-422-7436
82,Bennie,Cristofolini,36,bcristofolini29@washington.edu,721-981-9993
83,Ali,Oloshin,68,aoloshin2a@storify.com,535-820-4713
84,Wright,Goodridge,70,wgoodridge2b@geocities.jp,702-222-2228
85,Elias,Rummings,40,erummings2c@google.ca,493-643-1803
86,Zackariah,Lever,55,zlever2d@chron.com,243-764-3868
87,Meade,Dwyr,62,mdwyr2e@stanford.edu,442-139-0784
88,Keven,Bartle,35,kbartle2f@tinypic.com,715-177-8695
89,Barby,Culshaw,78,bculshaw2g@usnews.com,157-835-5397
90,Mick,Tieraney,58,mtieraney2h@woothemes.com,316-616-2875
91,Nat,Furmenger,76,nfurmenger2i@auda.org.au,485-927-5177
92,Paxton,Jayes,51,pjayes2j@hostgator.com,426-363-1150
93,Kinna,Mieville,23,kmieville2k@homestead.com,425-283-5507
94,Omar,Wingate,51,owingate2l@amazon.co.uk,162-646-3799
95,Kevan,Sidnall,26,ksidnall2m@irs.gov,645-445-0781
96,Cate,Arthurs,42,carthurs2n@delicious.com,189-180-1610
97,Karry,Coggin,83,kcoggin2o@printfriendly.com,237-918-4250
98,Ingemar,Thackwray,54,ithackwray2p@seesaa.net,686-462-7414
99,Frank,Gauthorpp,62,fgauthorpp2q@paginegialle.it,377-555-9269
100,Chloette,Coghlan,55,ccoghlan2r@engadget.com,879-856-2998
101,Jyoti,Bettanay,52,jbettanay2s@nydailynews.com,745-761-4404
102,Trstram,Minchinton,58,tminchinton2t@aol.com,811-225-4816
103,Gerrie,Dewdney,23,gdewdney2u@statcounter.com,287-367-5509
104,Cassy,Videneev,77,cvideneev2v@techcrunch.com,652-270-2066
105,Austin,Albany,61,aalbany2w@hexun.com,379-608-5204
106,Roxi,Kordt,33,rkordt2x@merriam-webster.com,644-356-4130
107,Ruy,Bilsborrow,50,rbilsborrow2y@wix.com,674-766-7491
108,Ximenez,Sendall,75,xsendall2z@yellowbook.com,974-253-8535
109,Kikelia,Cossum,56,kcossum30@360.cn,418-640-1596
110,Emmye,Fricker,61,efricker31@mac.com,631-249-4036
111,Stanwood,Winram,45,swinram32@gnu.org,450-712-0664
112,Alyse,Skaif,76,askaif33@de.vu,684-687-3097
113,Algernon,MacNally,49,amacnally34@tinyurl.com,683-576-7517
114,Allx,Cooksey,50,acooksey35@pbs.org,170-998-3180
115,Shadow,Dorkins,33,sdorkins36@reference.com,511-872-3219
116,Kaye,Mudle,70,kmudle37@wikimedia.org,670-337-7574
117,Hilde,Bagnell,78,hbagnell38@geocities.jp,611-544-7546
118,Deb,Ilchuk,83,dilchuk39@alibaba.com,691-722-8437
119,Julee,McClymond,42,jmcclymond3a@altervista.org,439-886-8827
120,Jeana,Cohn,78,jcohn3b@mozilla.com,401-789-7832
121,Angelo,Cruce,59,acruce3c@123-reg.co.uk,540-478-4191
122,Dot,Tubb,45,dtubb3d@list-manage.com,384-685-0685
123,Gasper,Geraldez,58,ggeraldez3e@marriott.com,694-590-2620
124,Cody,Splevins,22,csplevins3f@ca.gov,939-136-9764
125,Rufe,Schollick,48,rschollick3g@geocities.com,204-464-2830
126,Jourdain,Olander,24,jolander3h@msn.com,651-983-1612
127,Mickey,Euston,83,meuston3i@is.gd,166-581-1724
128,Daphna,Coarser,80,dcoarser3j@imdb.com,233-324-4464
129,Licha,Prattin,24,lprattin3k@uiuc.edu,808-542-6279
130,Stephannie,MacCollom,38,smaccollom3l@behance.net,965-275-8215
131,Sydney,Mannock,36,smannock3m@macromedia.com,652-632-1477
132,Cyril,Sheldrick,25,csheldrick3n@blogtalkradio.com,250-170-0069
133,Web,Lawfull,45,wlawfull3o@va.gov,149-322-9363
134,Ezechiel,Blaszczynski,75,eblaszczynski3p@tripod.com,442-930-2036
135,Duky,Iggo,74,diggo3q@hc360.com,828-557-9724
136,Bram,MacGuiness,20,bmacguiness3r@state.tx.us,315-326-7100
137,Tonie,Victor,58,tvictor3s@umn.edu,740-909-6929
138,Justino,Bleythin,38,jbleythin3t@washingtonpost.com,795-800-4020
139,Buddie,Durber,36,bdurber3u@storify.com,399-618-6879
140,Stanly,Agiolfinger,44,sagiolfinger3v@xinhuanet.com,491-409-9556
141,Petrina,Eckels,48,peckels3w@amazon.com,221-347-5086
142,Shelley,Christofol,49,schristofol3x@ted.com,548-167-4279
143,Meg,Pauls,45,mpauls3y@homestead.com,840-556-3064
144,Sigfried,Silcox,66,ssilcox3z@opensource.org,814-767-3811
145,Dicky,Dumingos,53,ddumingos40@taobao.com,929-460-9797
146,Meggi,Pringour,19,mpringour41@wired.com,281-111-0255
147,Gordie,Jaquiss,48,gjaquiss42@xing.com,443-268-5309
148,Naomi,Wadeson,42,nwadeson43@newyorker.com,345-505-9737
149,Miller,Raistrick,37,mraistrick44@nyu.edu,525-980-7148
150,Alvy,Fitzsimmons,29,afitzsimmons45@shop-pro.jp,807-252-9787
151,Cherye,Beagles,40,cbeagles46@mapquest.com,857-580-5010
152,Timmi,Chitson,72,tchitson47@gravatar.com,320-651-9859
153,Ricca,Gettens,56,rgettens48@com.com,983-434-6766
154,Celinka,Rabier,48,crabier49@printfriendly.com,826-861-1077
155,Althea,Facher,32,afacher4a@google.com.br,229-443-9933
156,Courtnay,Handasyde,54,chandasyde4b@netlog.com,227-754-2990
157,Maryellen,Berrycloth,47,mberrycloth4c@jalbum.net,781-270-0105
158,Lombard,Burditt,65,lburditt4d@time.com,701-606-9635
159,Gwennie,Carter,76,gcarter4e@livejournal.com,643-221-4385
160,Joelie,Pechard,28,jpechard4f@so-net.ne.jp,340-995-5639
161,Joella,Dutton,69,jdutton4g@yandex.ru,239-567-3076
162,Brandea,Batte,34,bbatte4h@adobe.com,703-505-6219
163,Mikol,Tours,75,mtours4i@usatoday.com,653-511-0825
164,Micah,Whightman,85,mwhightman4j@craigslist.org,528-623-5389
165,Caspar,Oddie,44,coddie4k@posterous.com,244-363-9952
166,Sela,Longley,42,slongley4l@usa.gov,339-964-1880
167,Pia,Ricarde,42,pricarde4m@sciencedaily.com,246-278-7795
168,Quintin,Flowith,26,qflowith4n@webs.com,845-663-8961
169,Nariko,Late,67,nlate4o@booking.com,811-301-3594
170,Joline,Impett,68,jimpett4p@washingtonpost.com,890-966-6123
171,Morissa,Pitfield,74,mpitfield4q@pagesperso-orange.fr,916-272-0212
172,Denis,Perocci,80,dperocci4r@github.com,508-564-7906
173,Conrade,Campione,22,ccampione4s@theguardian.com,934-369-5109
174,Joey,Filewood,29,jfilewood4t@rakuten.co.jp,949-950-9889
175,Cordula,Sowrey,80,csowrey4u@blogtalkradio.com,700-353-4689
176,Myer,Leibold,45,mleibold4v@rediff.com,536-617-8933
177,Dallis,Shitliffe,47,dshitliffe4w@twitter.com,178-210-6100
178,Agathe,Butfield,28,abutfield4x@apache.org,988-803-9847
179,Loria,Zamora,47,lzamora4y@qq.com,453-893-6475
180,Vannie,Cinnamond,39,vcinnamond4z@ted.com,587-476-6821
181,Alvan,Haccleton,31,ahaccleton50@indiatimes.com,847-678-6287
182,Margaret,Everit,52,meverit51@exblog.jp,222-126-7800
183,Jaimie,Portugal,44,jportugal52@craigslist.org,191-163-8081
184,Wendall,Hupe,31,whupe53@mozilla.com,984-839-7455
185,Gayelord,Gerran,78,ggerran54@hp.com,415-537-0882
186,Merrill,Slinger,68,mslinger55@netscape.com,103-754-2895
187,Oliy,Glison,63,oglison56@moonfruit.com,191-926-9934
188,Korey,Cheston,72,kcheston57@china.com.cn,815-267-2097
189,Fulvia,Coryndon,38,fcoryndon58@cocolog-nifty.com,719-830-1207
190,Colene,Rudeforth,73,crudeforth59@icq.com,622-437-6539
191,Dominica,Prout,50,dprout5a@miitbeian.gov.cn,680-591-8108
192,Hoyt,Gorhardt,19,hgorhardt5b@wordpress.com,787-757-4733
193,Graeme,Georg,78,ggeorg5c@tripadvisor.com,738-886-6665
194,Harper,Harry,37,hharry5d@ft.com,547-351-2142
195,Dilly,Salterne,18,dsalterne5e@phoca.cz,116-270-0439
196,Ginny,Burnapp,18,gburnapp5f@imdb.com,403-371-4564
197,Sayers,Crumly,77,scrumly5g@chicagotribune.com,702-605-1157
198,Garfield,Rothert,52,grothert5h@yandex.ru,155-347-9966
199,Adara,Brose,45,abrose5i@marketwatch.com,852-652-2001
200,Blondy,Skeene,32,bskeene5j@gizmodo.com,408-766-1062
201,Penelopa,Kleinhaus,42,pkleinhaus5k@nasa.gov,255-638-5527
202,Rolland,Benoit,72,rbenoit5l@latimes.com,166-200-0973
203,Carin,Lount,48,clount5m@china.com.cn,438-697-7813
204,Lacie,Daubney,58,ldaubney5n@hubpages.com,120-405-7041
205,Sloan,Labbe,42,slabbe5o@behance.net,428-750-2849
206,Thekla,Aubury,64,taubury5p@printfriendly.com,638-439-8740
207,Sherie,Glaister,75,sglaister5q@skype.com,630-749-3647
208,Fran,Daine,43,fdaine5r@e-recht24.de,945-872-8540
209,Stirling,Bestiman,38,sbestiman5s@jiathis.com,980-475-7785
210,Elysia,Prose,78,eprose5t@wix.com,600-689-1330
211,Danielle,Windus,26,dwindus5u@amazon.co.jp,543-615-1271
212,Gypsy,Hanway,25,ghanway5v@msn.com,551-239-1349
213,Lesya,Claessens,84,lclaessens5w@foxnews.com,189-529-9290
214,Lynnette,Beales,52,lbeales5x@yellowpages.com,754-227-8748
215,Florella,Vanelli,78,fvanelli5y@economist.com,471-896-5643
216,Kathryn,Fayers,54,kfayers5z@a8.net,520-888-3768
217,Archaimbaud,Brussell,45,abrussell60@fda.gov,757-509-0819
218,Lishe,Parlot,75,lparlot61@themeforest.net,334-714-1956
219,Dylan,Brunner,20,dbrunner62@spotify.com,535-916-8136
220,Baird,Losebie,75,blosebie63@dell.com,649-790-9859
221,Duke,Rush,62,drush64@so-net.ne.jp,782-975-1174
222,Jessie,Tracy,79,jtracy65@a8.net,266-540-6121
223,Lemmie,Iannitti,25,liannitti66@bing.com,725-669-1863
224,Jerri,Larkin,82,jlarkin67@facebook.com,687-381-0528
225,Sidoney,Aikenhead,38,saikenhead68@buzzfeed.com,184-905-2916
226,Laural,Durtnel,44,ldurtnel69@squarespace.com,624-432-2710
227,Casey,Cooksley,75,ccooksley6a@tmall.com,469-935-6620
228,Bert,Collough,38,bcollough6b@creativecommons.org,702-280-2999
229,Idaline,Haccleton,74,ihaccleton6c@moonfruit.com,126-686-8195
230,Pate,Lovie,82,plovie6d@unicef.org,391-889-7894
231,Melamie,Caldeyroux,42,mcaldeyroux6e@scribd.com,451-703-5948
232,Cele,Rubinow,49,crubinow6f@smh.com.au,618-479-3737
233,Nanete,Maccrea,33,nmaccrea6g@wufoo.com,807-386-0765
234,Nadia,Surfleet,68,nsurfleet6h@umich.edu,973-356-7386
235,Bank,Cherry Holme,62,bcherryholme6i@exblog.jp,233-129-9688
236,Cyrill,Bodley,24,cbodley6j@google.com.br,313-916-6537
237,Ricki,Stoaks,30,rstoaks6k@ning.com,907-678-2574
238,Angil,Welford,81,awelford6l@friendfeed.com,253-980-7355
239,Denver,Claiden,20,dclaiden6m@xinhuanet.com,123-767-6910
240,Hollis,Livzey,69,hlivzey6n@blogtalkradio.com,738-937-9911
241,Tybie,Gommes,38,tgommes6o@hugedomains.com,326-868-4442
242,Lolita,Dyhouse,82,ldyhouse6p@ca.gov,644-976-3624
243,Adelind,Wattins,50,awattins6q@marketwatch.com,179-520-3720
244,Darda,Napleton,25,dnapleton6r@tinypic.com,186-363-6853
245,Emmit,Crooks,54,ecrooks6s@simplemachines.org,245-328-6267
246,Alfredo,De'Vere - Hunt,43,adeverehunt6t@newsvine.com,817-699-6917
247,Hall,Hutchinson,48,hhutchinson6u@netlog.com,570-824-6570
248,Ada,Bick,71,abick6v@freewebs.com,561-175-5328
249,Lurline,Mateev,70,lmateev6w@tripod.com,737-978-8728
250,Kippar,Screech,60,kscreech6x@live.com,263-622-8529
251,Juanita,Buxey,77,jbuxey6y@slideshare.net,666-351-1074
252,Ranice,Pawels,76,rpawels6z@dailymail.co.uk,453-964-3114
253,Tabbie,Stigger,81,tstigger70@moonfruit.com,588-960-6425
254,Maje,Shinefield,71,mshinefield71@goo.ne.jp,817-922-0905
255,Raimondo,Yurchishin,19,ryurchishin72@twitter.com,309-432-1074
256,Fern,Eads,40,feads73@tripod.com,604-925-3822
257,Neal,Remirez,57,nremirez74@tinypic.com,394-335-2509
258,Noemi,MacCawley,65,nmaccawley75@netscape.com,213-894-6555
259,Jerrine,Woodier,75,jwoodier76@npr.org,788-864-2338
260,Dinny,Snoxell,67,dsnoxell77@typepad.com,584-329-5220
261,Carri,Mattusevich,34,cmattusevich78@paypal.com,413-265-8345
262,Fields,Bastard,53,fbastard79@mail.ru,130-600-8429
263,Meyer,Carbine,33,mcarbine7a@diigo.com,198-340-8819
264,Elisabet,Elms,47,eelms7b@spotify.com,412-696-0296
265,Rolland,Kippen,75,rkippen7c@twitter.com,337-469-7634
266,Arnie,Steers,45,asteers7d@domainmarket.com,801-336-8836
267,Kate,Osgorby,56,kosgorby7e@wiley.com,488-629-1758
268,Burlie,Petrashov,65,bpetrashov7f@xinhuanet.com,432-493-6749
269,Claudell,Booij,25,cbooij7g@virginia.edu,970-522-4808
270,Bryna,Elcomb,57,belcomb7h@newyorker.com,897-596-0471
271,Jodee,MacKerley,76,jmackerley7i@foxnews.com,631-414-3890
272,Tallia,De Malchar,32,tdemalchar7j@chicagotribune.com,677-112-1712
273,Joellen,Latty,66,jlatty7k@gizmodo.com,642-133-2621
274,Hilliary,Jako,34,hjako7l@ihg.com,565-328-2380
275,Isak,Ayerst,65,iayerst7m@naver.com,371-209-5227
276,Tiphany,MacCahee,57,tmaccahee7n@hc360.com,343-260-1453
277,Arlinda,Alywin,29,aalywin7o@ameblo.jp,841-168-0510
278,Jeff,Caselick,51,jcaselick7p@sbwire.com,504-179-1583
279,Fernando,Grain,28,fgrain7q@toplist.cz,260-701-0899
280,Kristy,Ferentz,26,kferentz7r@1und1.de,857-927-9874
281,Daryl,Zollner,59,dzollner7s@ning.com,246-693-0904
282,Marion,Perrottet,26,mperrottet7t@histats.com,773-887-5562
283,Hana,Livett,57,hlivett7u@wiley.com,715-839-9999
284,Adelaida,Briffett,38,abriffett7v@cpanel.net,367-333-4072
285,Kessia,Hasted,75,khasted7w@thetimes.co.uk,720-851-3853
286,Cherie,Ginnell,32,cginnell7x@spotify.com,808-840-6989
287,Hermione,Nare,79,hnare7y@google.ru,131-372-0423
288,Sabina,Vertigan,67,svertigan7z@sun.com,364-255-0867
289,Powell,Branchet,59,pbranchet80@aol.com,402-338-3545
290,Corbin,Mansel,66,cmansel81@examiner.com,321-184-6781
291,Arnoldo,Delgardillo,57,adelgardillo82@squidoo.com,772-722-0854
292,Audi,Cazereau,63,acazereau83@mediafire.com,520-391-3913
293,Tresa,Baynom,36,tbaynom84@people.com.cn,152-418-9307
294,Nolie,Dominici,54,ndominici85@webs.com,972-789-0703
295,Aubrette,Rockwill,25,arockwill86@lycos.com,796-910-1986
296,Teodoor,Hinckesman,38,thinckesman87@theglobeandmail.com,720-707-7253
297,Cesar,Dinneen,30,cdinneen88@springer.com,271-119-8166
298,Syman,Mapowder,77,smapowder89@posterous.com,259-975-7590
299,Clair,Rowth,61,crowth8a@google.nl,972-139-4268
300,Charlton,Warnes,72,cwarnes8b@cafepress.com,142-560-0806
301,Stepha,Collard,60,scollard8c@sourceforge.net,196-404-1903
302,Rusty,Borless,30,rborless8d@dedecms.com,153-299-1498
303,Flori,Yeates,77,fyeates8e@yellowbook.com,644-330-8023
304,Bernelle,Summersby,79,bsummersby8f@google.it,626-294-3042
305,Beryl,Venus,58,bvenus8g@mysql.com,811-751-9085
306,Ardith,Tax,62,atax8h@shop-pro.jp,917-155-0272
307,Jedidiah,Anand,59,janand8i@purevolume.com,191-810-2732
308,Jodie,Chittenden,75,jchittenden8j@example.com,291-912-3300
309,Hamlen,Feetham,79,hfeetham8k@oaic.gov.au,715-186-0073
310,Brinna,Rodden,24,brodden8l@elegantthemes.com,431-864-3026
311,Nicky,Rides,43,nrides8m@linkedin.com,108-632-4670
312,Cobby,Livingstone,33,clivingstone8n@hatena.ne.jp,526-148-9049
313,Lefty,Taggett,69,ltaggett8o@nifty.com,148-573-7653
314,Honey,Deschlein,72,hdeschlein8p@cbslocal.com,221-407-0138
315,Leodora,Sandbach,31,lsandbach8q@exblog.jp,398-468-9578
316,Laughton,Bagnall,50,lbagnall8r@jiathis.com,392-513-1225
317,Belia,Chapellow,19,bchapellow8s@reverbnation.com,880-116-7610
318,Tricia,Powlesland,25,tpowlesland8t@usatoday.com,350-387-9411
319,Gerik,Varney,55,gvarney8u@angelfire.com,443-230-5911
320,Vasily,Pickersail,46,vpickersail8v@constantcontact.com,787-547-4458
321,Barnard,Fortman,56,bfortman8w@github.com,774-584-7071
322,Lola,Rumble,32,lrumble8x@delicious.com,245-281-8164
323,Dido,Spink,65,dspink8y@phoca.cz,967-151-5643
324,Humfrey,Reiner,34,hreiner8z@drupal.org,178-281-6442
325,Anny,Castaignet,54,acastaignet90@amazon.de,528-518-3514
326,Florenza,Misselbrook,59,fmisselbrook91@ameblo.jp,252-775-0133
327,Reina,MacGiolla Pheadair,85,rmacgiollapheadair92@soup.io,485-607-5183
328,Addie,Jenking,42,ajenking93@printfriendly.com,393-363-4106
329,Carlen,Ziemecki,30,cziemecki94@xrea.com,693-437-5757
330,Ernest,Caillou,29,ecaillou95@oaic.gov.au,735-697-0647
331,Jessie,Gerritsma,61,jgerritsma96@slashdot.org,802-153-6471
332,Jess,Crack,69,jcrack97@narod.ru,131-288-5360
333,King,Clemerson,37,kclemerson98@netvibes.com,127-148-8454
334,Brandi,Borgnet,70,bborgnet99@webeden.co.uk,720-559-5975
335,Grace,Asbury,81,gasbury9a@omniture.com,937-183-3196
336,Zedekiah,Skrzynski,56,zskrzynski9b@hexun.com,414-397-3227
337,Abbe,Saxelby,44,asaxelby9c@a8.net,422-872-3952
338,Elisabetta,Collingwood,32,ecollingwood9d@drupal.org,360-810-3836
339,Heindrick,Greensides,51,hgreensides9e@intel.com,119-993-8918
340,Joline,Rickets,55,jrickets9f@deliciousdays.com,804-125-7527
341,Kristofor,Linwood,49,klinwood9g@wp.com,594-675-7979
342,Ingra,MacRierie,54,imacrierie9h@dropbox.com,445-914-9283
343,Niall,Daffey,23,ndaffey9i@hhs.gov,300-484-4194
344,Tirrell,Linn,48,tlinn9j@time.com,285-377-6308
345,Wilfrid,Hurst,24,whurst9k@bravesites.com,611-173-1932
346,Cherice,Soanes,84,csoanes9l@un.org,457-202-7113
347,Avictor,Spataro,82,aspataro9m@icq.com,800-730-8791
348,Yankee,Heap,82,yheap9n@printfriendly.com,151-607-9705
349,Prudence,Phelp,74,pphelp9o@gov.uk,663-999-2960
350,Westley,Chalke,64,wchalke9p@a8.net,812-657-4309
351,Giuditta,Coltman,71,gcoltman9q@soup.io,355-488-0880
352,Les,Itzkovitch,49,litzkovitch9r@java.com,135-585-7840
353,Elenore,Scoates,77,escoates9s@mit.edu,433-354-6075
354,Estel,Coggles,73,ecoggles9t@merriam-webster.com,245-763-0362
355,Teador,Phinnessy,44,tphinnessy9u@sun.com,787-406-3595
356,Saunder,McGloughlin,21,smcgloughlin9v@archive.org,597-846-8517
357,Antons,Cayser,71,acayser9w@163.com,419-263-1202
358,Dacie,Chazette,42,dchazette9x@psu.edu,986-554-5090
359,Franny,Castillou,36,fcastillou9y@addtoany.com,873-910-7453
360,Marybelle,Beamiss,62,mbeamiss9z@php.net,632-973-3680
361,Julina,McPartlin,24,jmcpartlina0@java.com,385-297-4467
362,Kasper,O'Hannay,43,kohannaya1@soup.io,239-304-7684
363,Norean,Olsen,43,nolsena2@qq.com,702-747-1761
364,Taber,McLugaish,37,tmclugaisha3@histats.com,636-811-5740
365,Loy,Finci,51,lfincia4@microsoft.com,707-571-5446
366,Chrissy,Jimes,54,cjimesa5@hexun.com,118-268-7383
367,Sean,Schwandt,82,sschwandta6@netscape.com,459-850-4984
368,Olivier,Fullalove,84,ofullalovea7@technorati.com,506-951-2929
369,Ulrica,Leggitt,69,uleggitta8@google.de,126-423-8640
370,L;urette,Farrar,61,lfarrara9@hc360.com,774-604-6162
371,Raoul,Escot,26,rescotaa@simplemachines.org,556-699-0543
372,Antonia,Colvine,62,acolvineab@boston.com,133-472-7526
373,Lacy,Lax,64,llaxac@nifty.com,735-617-3646
374,Hermann,de Clercq,56,hdeclercqad@nytimes.com,645-786-3111
375,Elbertine,Di Napoli,38,edinapoliae@canalblog.com,483-482-8587
376,Rriocard,Dinse,79,rdinseaf@cbc.ca,102-633-3002
377,Berkley,Sudlow,19,bsudlowag@uiuc.edu,490-963-2380
378,Marquita,McGuirk,63,mmcguirkah@mysql.com,202-524-1798
379,Sosanna,Speenden,25,sspeendenai@ocn.ne.jp,340-672-9239
380,Madelin,Tallet,22,mtalletaj@craigslist.org,538-688-0664
381,Laurie,Ison,18,lisonak@ocn.ne.jp,133-242-5675
382,Courtenay,Barde,78,cbardeal@typepad.com,446-102-7677
383,Kristo,Dranfield,50,kdranfieldam@sfgate.com,856-842-6206
384,Kiele,Muro,57,kmuroan@disqus.com,649-952-3912
385,Lenee,Leacy,62,lleacyao@myspace.com,834-108-8875
386,Christiane,Willimot,41,cwillimotap@nytimes.com,284-211-1211
387,Cris,Novic,63,cnovicaq@phpbb.com,545-445-4151
388,Weston,Lenihan,47,wlenihanar@github.com,718-453-7035
389,Kym,Greason,70,kgreasonas@xing.com,956-292-7246
390,Mortie,Vasenin,57,mvaseninat@xrea.com,694-631-7798
391,Lillis,Bellie,33,lbellieau@dedecms.com,771-959-3707
392,Valina,Gillion,33,vgillionav@t.co,422-626-8418
393,Chuck,Mechan,34,cmechanaw@un.org,432-605-8877
394,Margery,Vannuccini,84,mvannucciniax@oaic.gov.au,282-149-0707
395,Clerkclaude,Leap,24,cleapay@prnewswire.com,231-250-0774
396,Meris,Weight,67,mweightaz@storify.com,882-168-1918
397,Vassily,Wyndham,81,vwyndhamb0@clickbank.net,417-647-7789
398,Wye,Heineke,64,wheinekeb1@hugedomains.com,978-344-5217
399,Derron,Iacopetti,80,diacopettib2@rakuten.co.jp,889-789-6543
400,Loralie,Chastanet,67,lchastanetb3@examiner.com,965-285-2486
401,Kory,Wight,22,kwightb4@independent.co.uk,197-446-1027
402,Beth,Power,77,bpowerb5@noaa.gov,411-344-0085
403,Jody,Kivelhan,66,jkivelhanb6@cmu.edu,609-692-8029
404,Ingram,Musso,71,imussob7@jalbum.net,392-434-2035
405,Benni,Tubridy,33,btubridyb8@dion.ne.jp,961-214-8774
406,Chancey,Cahey,67,ccaheyb9@list-manage.com,650-703-7584
407,Maureen,Quinnelly,27,mquinnellyba@shareasale.com,625-497-3531
408,Vasilis,Akam,18,vakambb@mapy.cz,874-110-3912
409,Frederico,Goodison,27,fgoodisonbc@ask.com,966-950-0093
410,Kingsly,Gilbody,85,kgilbodybd@rambler.ru,229-901-8460
411,Emilia,Sibbs,34,esibbsbe@stumbleupon.com,575-652-8323
412,Valencia,Addyman,57,vaddymanbf@vistaprint.com,506-193-9943
413,Jose,Soldan,41,jsoldanbg@opera.com,431-655-8073
414,Emogene,Isham,30,eishambh@redcross.org,994-331-5836
415,Abby,Ayto,61,aaytobi@eepurl.com,986-918-5238
416,Rivy,Grund,43,rgrundbj@state.tx.us,242-115-0606
417,Melany,Bigrigg,84,mbigriggbk@marketwatch.com,234-304-8504
418,Ole,Kerford,56,okerfordbl@ustream.tv,685-818-3506
419,Lion,Delle,30,ldellebm@trellian.com,484-223-4601
420,Mindy,Aisbett,27,maisbettbn@berkeley.edu,177-983-8690
421,Antonie,Eringey,61,aeringeybo@g.co,733-713-0521
422,Caresa,Tottle,52,ctottlebp@simplemachines.org,526-564-7914
423,Valeria,Thow,80,vthowbq@gizmodo.com,569-604-3400
424,Stirling,Stonnell,30,sstonnellbr@washington.edu,644-849-7667
425,Ferguson,Joan,59,fjoanbs@tinyurl.com,716-514-9028
426,Terra,Harford,50,tharfordbt@ow.ly,556-386-7845
427,Charline,Delacoste,33,cdelacostebu@dmoz.org,736-219-8851
428,Menard,Mangenet,43,mmangenetbv@wiley.com,202-211-1262
429,Anatola,Newdick,48,anewdickbw@reverbnation.com,619-494-7485
430,Clary,Tummond,45,ctummondbx@google.ca,105-151-6510
431,Warde,Taig,70,wtaigby@sphinn.com,944-454-8060
432,Rhys,Power,34,rpowerbz@1688.com,508-782-0500
433,Winna,Allenby,43,wallenbyc0@dmoz.org,314-743-0484
434,Joyous,Cocker,19,jcockerc1@google.nl,468-578-5688
435,Stormie,Paolino,27,spaolinoc2@hatena.ne.jp,492-924-1674
436,Eadie,Tipperton,30,etippertonc3@altervista.org,435-347-3178
437,Orlan,Onge,83,oongec4@w3.org,426-189-6066
438,Frazier,MacKeig,69,fmackeigc5@youku.com,895-486-8637
439,Alexio,Lettson,44,alettsonc6@jimdo.com,141-743-1804
440,Tamra,Philipps,64,tphilippsc7@plala.or.jp,773-489-2443
441,Rosaleen,Cella,80,rcellac8@nih.gov,818-704-5653
442,Rog,Widmore,42,rwidmorec9@barnesandnoble.com,544-182-8178
443,Ofella,Gerretsen,79,ogerretsenca@woothemes.com,370-573-3059
444,Pepito,Kurt,36,pkurtcb@ucoz.ru,441-676-8919
445,Darice,Eshelby,35,deshelbycc@walmart.com,632-138-8981
446,Georgette,Farnsworth,23,gfarnsworthcd@over-blog.com,797-580-1436
447,Stacey,Folbigg,75,sfolbiggce@geocities.com,103-209-0530
448,Nate,Tayler,28,ntaylercf@go.com,169-997-1210
449,Morley,Schulkins,24,mschulkinscg@sbwire.com,408-988-7708
450,Vaughan,Hugenin,67,vhugeninch@cocolog-nifty.com,440-698-2515
451,Andree,Bardwell,48,abardwellci@google.ca,508-336-3178
452,Carolin,Whenman,25,cwhenmancj@deviantart.com,964-214-9001
453,Maison,Churchard,56,mchurchardck@com.com,998-347-6056
454,Berti,Olliar,84,bolliarcl@marriott.com,341-830-5382
455,Eleonora,Ibbitt,81,eibbittcm@blogspot.com,203-279-2073
456,Suzann,Arent,35,sarentcn@gmpg.org,553-696-5772
457,Jaclyn,Howden,25,jhowdenco@rakuten.co.jp,267-770-5562
458,Zonnya,Andren,38,zandrencp@cisco.com,958-712-5373
459,Scott,Stoddart,20,sstoddartcq@time.com,631-436-4730
460,Olympia,Pasby,63,opasbycr@cam.ac.uk,396-564-4626
461,Kellina,Yanshin,77,kyanshincs@eventbrite.com,710-983-6484
462,Mindy,Symers,24,msymersct@istockphoto.com,388-338-2207
463,Gabbie,Serck,37,gserckcu@reddit.com,475-228-0223
464,Almeta,Yurchenko,32,ayurchenkocv@omniture.com,152-984-3010
465,Raffarty,Gilcrist,41,rgilcristcw@flickr.com,444-547-4160
466,Adina,Fairlam,63,afairlamcx@si.edu,131-422-4312
467,Bastian,Dwerryhouse,27,bdwerryhousecy@naver.com,731-210-5900
468,Klarika,Belsher,63,kbelshercz@acquirethisname.com,249-509-1130
469,Anallise,Crum,85,acrumd0@goo.ne.jp,996-623-0059
470,Jyoti,L'Episcopi,37,jlepiscopid1@weather.com,770-572-6966
471,Quinn,Pracy,44,qpracyd2@sourceforge.net,739-942-2114
472,Aidan,Essam,84,aessamd3@theglobeandmail.com,717-769-2053
473,Lilli,De Antoni,21,ldeantonid4@nytimes.com,566-605-7281
474,Dannie,Rawood,27,drawoodd5@blinklist.com,520-755-4364
475,Ferrell,Roose,48,froosed6@pen.io,870-190-5492
476,Kelly,Glenny,61,kglennyd7@myspace.com,724-662-2099
477,Elene,Vany,26,evanyd8@tiny.cc,524-104-7083
478,Rosy,Oxby,18,roxbyd9@surveymonkey.com,313-977-8285
479,Jessie,Willas,29,jwillasda@msu.edu,252-976-7751
480,Herschel,Stops,20,hstopsdb@goo.gl,352-565-9239
481,Othilie,Kemmish,71,okemmishdc@simplemachines.org,697-590-9848
482,Ferdie,Kisby,38,fkisbydd@canalblog.com,785-600-1219
483,Grant,Ratchford,69,gratchfordde@google.fr,851-122-9041
484,Christine,Lergan,40,clergandf@kickstarter.com,248-298-8921
485,Christy,Sproule,62,csprouledg@typepad.com,448-331-4457
486,Celesta,Friedank,30,cfriedankdh@blogtalkradio.com,886-774-7595
487,Roddy,Keppel,66,rkeppeldi@google.nl,521-820-8809
488,Elspeth,Petty,77,epettydj@topsy.com,887-242-1255
489,Wallache,Cogan,24,wcogandk@ebay.com,218-817-5914
490,Ebony,Sidaway,25,esidawaydl@google.cn,992-218-5456
491,Gardner,Thor,52,gthordm@barnesandnoble.com,914-549-4210
492,Emmery,Pechet,56,epechetdn@live.com,725-746-6062
493,Clotilda,Vlasenkov,72,cvlasenkovdo@abc.net.au,981-619-1674
494,Ali,Szymonowicz,77,aszymonowiczdp@alibaba.com,773-178-4569
495,Tiffani,Stoffersen,61,tstoffersendq@desdev.cn,732-950-8497
496,Abagael,Chiese,42,achiesedr@goo.ne.jp,132-774-1191
497,Melessa,Bortoli,35,mbortolids@squidoo.com,207-150-2750
498,Blakelee,Netting,29,bnettingdt@marriott.com,548-283-8250
499,Evanne,Leek,47,eleekdu@bandcamp.com,774-164-3638
500,Carmine,Simoes,47,csimoesdv@youtube.com,110-754-4950
501,Melina,Palister,34,mpalisterdw@goodreads.com,685-834-5497
502,Lelah,Ferrarin,81,lferrarindx@bloglines.com,603-832-0142
503,Savina,Hayden,50,shaydendy@ycombinator.com,851-169-1267
504,Kaitlynn,MacKartan,39,kmackartandz@washington.edu,545-434-4424
505,Ervin,Hansberry,64,ehansberrye0@gizmodo.com,983-692-5961
506,Tades,Meeus,75,tmeeuse1@tiny.cc,611-498-5386
507,Adella,Eyre,61,aeyree2@etsy.com,809-333-3773
508,Clayton,Oldroyde,43,coldroydee3@ft.com,699-626-2686
509,Dennie,Cuardall,26,dcuardalle4@xing.com,611-642-5434
510,Jeth,Symper,58,jsympere5@exblog.jp,352-421-3600
511,Cristen,Spadeck,53,cspadecke6@tinyurl.com,643-440-4685
512,Robinia,Rawlins,57,rrawlinse7@nps.gov,925-880-3330
513,Marian,Aharoni,54,maharonie8@mtv.com,642-189-5553
514,Yasmin,Dauber,65,ydaubere9@nasa.gov,555-802-6065
515,Dasya,Basden,47,dbasdenea@github.com,751-558-6420
516,Lauritz,Kesterton,56,lkestertoneb@berkeley.edu,314-451-5308
517,Wynn,Issitt,77,wissittec@yellowpages.com,519-583-7789
518,Brendin,Bonhome,22,bbonhomeed@printfriendly.com,713-702-5499
519,Cherise,Furst,22,cfurstee@opensource.org,483-828-9134
520,Kerby,Benneyworth,75,kbenneyworthef@storify.com,730-300-3677
521,Wald,Stratiff,40,wstratiffeg@house.gov,431-457-8230
522,Glynnis,Rowler,61,growlereh@indiatimes.com,176-958-9158
523,Peg,Wiersma,18,pwiersmaei@howstuffworks.com,934-743-9531
524,Michel,Hinks,64,mhinksej@furl.net,519-655-8312
525,Melesa,Hegden,39,mhegdenek@sakura.ne.jp,627-294-7295
526,Donella,Denyagin,56,ddenyaginel@bbb.org,755-507-5480
527,Cyril,Ellson,82,cellsonem@lycos.com,247-518-3011
528,Kennedy,Winchurst,78,kwinchursten@apache.org,883-439-1102
529,Noreen,Sandey,18,nsandeyeo@va.gov,335-163-0818
530,Pepita,Eckersall,34,peckersallep@cornell.edu,574-766-3347
531,Mariam,Mulcaster,78,mmulcastereq@tinypic.com,840-592-7476
532,Arvie,Logue,44,alogueer@prweb.com,696-462-4225
533,Omero,McAllaster,33,omcallasteres@live.com,823-821-7274
534,Bert,Whorton,46,bwhortonet@tinyurl.com,629-448-4038
535,Tremayne,Font,70,tfonteu@npr.org,599-604-6113
536,Emmalee,Giacaponi,26,egiacaponiev@toplist.cz,233-957-2593
537,Gianni,Watsam,66,gwatsamew@prweb.com,322-344-9813
538,Ajay,Salvidge,37,asalvidgeex@ucoz.ru,655-352-7330
539,Sissy,Cushelly,20,scushellyey@wiley.com,985-447-5426
540,Federica,Shervil,35,fshervilez@tiny.cc,928-782-7903
541,Dolph,Beville,40,dbevillef0@ning.com,783-957-5023
542,Sybilla,Follett,76,sfollettf1@google.co.uk,542-958-7710
543,Jaquelyn,Ledley,70,jledleyf2@imgur.com,413-283-0252
544,Nickie,Dabney,28,ndabneyf3@cpanel.net,282-894-8963
545,Esma,Bearward,55,ebearwardf4@drupal.org,551-605-5847
546,Gisele,Bryer,25,gbryerf5@homestead.com,842-877-7523
547,Adrianna,Boutell,67,aboutellf6@bigcartel.com,111-415-8962
548,Ardella,Baxstair,60,abaxstairf7@ucoz.ru,379-353-6171
549,Kay,Brandom,51,kbrandomf8@alibaba.com,531-454-3255
550,Lance,Rhodus,45,lrhodusf9@amazon.de,432-830-3439
551,Eugen,Rielly,64,eriellyfa@deliciousdays.com,376-439-2344
552,Burke,Jacklin,60,bjacklinfb@posterous.com,779-625-7317
553,Findley,Hubbuck,34,fhubbuckfc@123-reg.co.uk,770-648-7321
554,Lyndsey,Antrum,61,lantrumfd@cdbaby.com,884-942-5276
555,Tyne,Winsley,45,twinsleyfe@stumbleupon.com,116-997-7887
556,Feodor,Hathwood,29,fhathwoodff@nbcnews.com,359-978-4054
557,Lynnea,Tredger,72,ltredgerfg@cnn.com,932-965-6370
558,Kellyann,Burmingham,69,kburminghamfh@amazonaws.com,471-343-0274
559,Jermayne,Skitterel,46,jskitterelfi@myspace.com,822-285-4050
560,Hilton,Friar,46,hfriarfj@rambler.ru,532-969-3302
561,Udall,Hallede,83,uhalledefk@de.vu,169-756-7502
562,Dani,Ringsell,78,dringsellfl@amazon.de,476-401-3126
563,Barbara-anne,Renn,76,brennfm@hatena.ne.jp,748-687-1282
564,Hailey,Gerbi,41,hgerbifn@facebook.com,938-503-5520
565,Maury,Zannetti,45,mzannettifo@tuttocitta.it,681-374-4807
566,Clevey,Scurrer,64,cscurrerfp@rediff.com,562-740-1995
567,Jocelyne,Vinck,28,jvinckfq@si.edu,726-196-8173
568,Tammy,Persence,80,tpersencefr@myspace.com,576-259-7185
569,Vanny,Canwell,83,vcanwellfs@miibeian.gov.cn,277-480-3974
570,Anselma,Dullingham,72,adullinghamft@msu.edu,754-845-9829
571,Natalee,Turney,25,nturneyfu@ycombinator.com,254-365-9550
572,Cathlene,Alldridge,64,calldridgefv@1und1.de,703-351-0122
573,Jordain,Burfoot,84,jburfootfw@globo.com,308-811-8980
574,Dukie,Botger,74,dbotgerfx@jiathis.com,726-392-8775
575,Malcolm,Beeston,82,mbeestonfy@rediff.com,818-606-6649
576,Lucian,Whaites,81,lwhaitesfz@techcrunch.com,515-234-1173
577,Lowe,Robbie,38,lrobbieg0@aol.com,271-628-8308
578,Mose,Schiersch,72,mschierschg1@skyrock.com,420-919-0231
579,Karylin,Puleque,44,kpulequeg2@webmd.com,191-496-7647
580,Ali,Culbard,25,aculbardg3@princeton.edu,471-332-9718
581,Maridel,Huntingford,45,mhuntingfordg4@bloomberg.com,513-795-7976
582,Gilbertine,Hargerie,62,ghargerieg5@barnesandnoble.com,283-185-2197
583,Sean,Piscot,32,spiscotg6@miitbeian.gov.cn,911-972-3452
584,Oliviero,Reah,64,oreahg7@rakuten.co.jp,861-492-5287
585,Quincey,Edmead,82,qedmeadg8@state.tx.us,503-381-7020
586,Sander,Millam,85,smillamg9@reddit.com,873-889-4387
587,Antone,Manzell,54,amanzellga@tmall.com,891-300-8993
588,Megen,Goggen,71,mgoggengb@wp.com,914-897-5682
589,Carmelle,Briscam,82,cbriscamgc@hatena.ne.jp,319-274-3858
590,Cherilyn,Clemetts,65,cclemettsgd@springer.com,957-810-0767
591,Kimble,Bullivent,39,kbulliventge@technorati.com,531-294-9752
592,Daile,Giacopelo,76,dgiacopelogf@joomla.org,443-727-1397
593,Millisent,Cortes,55,mcortesgg@imdb.com,927-514-3771
594,Kellyann,Waslin,52,kwaslingh@japanpost.jp,564-838-5176
595,Mariele,Quarrell,25,mquarrellgi@vistaprint.com,127-436-0256
596,Katharyn,Setch,74,ksetchgj@quantcast.com,701-636-3920
597,Kipper,Adamsson,65,kadamssongk@nymag.com,609-445-0420
598,Loreen,Sinclaire,78,lsinclairegl@hugedomains.com,426-404-3842
599,Staci,Zucker,52,szuckergm@dell.com,722-596-5241
600,Sabra,Peteri,49,speterign@va.gov,687-765-1965
601,Mikael,Kubista,54,mkubistago@w3.org,248-858-4462
602,Hildegarde,Monument,84,hmonumentgp@techcrunch.com,633-419-9840
603,Beale,Jamme,81,bjammegq@pcworld.com,924-820-1146
604,Bruce,Canaan,51,bcanaangr@360.cn,393-743-8416
605,Phyllis,de Pinna,85,pdepinnags@com.com,930-140-1690
606,Galen,Fincken,31,gfinckengt@soup.io,265-736-3343
607,Silvana,Geram,33,sgeramgu@csmonitor.com,740-386-5084
608,Brook,Neild,56,bneildgv@ox.ac.uk,418-817-5638
609,Emmy,Bottle,73,ebottlegw@economist.com,194-419-5428
610,Arne,O'Keeffe,63,aokeeffegx@blogspot.com,791-986-8444
611,Arnold,Gerant,76,agerantgy@theatlantic.com,966-192-6122
612,Drugi,Tibbs,56,dtibbsgz@yandex.ru,678-317-1347
613,Daria,Marlon,51,dmarlonh0@slashdot.org,510-957-3065
614,Damita,Camelia,28,dcameliah1@aol.com,288-677-0342
615,Annnora,Edgeon,32,aedgeonh2@360.cn,707-365-2671
616,Lolita,Asbery,34,lasberyh3@alibaba.com,881-390-0816
617,Costa,Ollin,26,collinh4@de.vu,379-480-0371
618,Avis,Conlon,30,aconlonh5@sohu.com,994-741-3567
619,Babb,Merioth,26,bmeriothh6@topsy.com,478-676-7877
620,Henrieta,Weetch,18,hweetchh7@skype.com,779-307-8770
621,Georgena,Jedrych,38,gjedrychh8@nydailynews.com,197-261-2981
622,Mercy,Krout,29,mkrouth9@blog.com,853-637-6924
623,Hendrik,Gossling,58,hgosslingha@friendfeed.com,558-648-7363
624,Star,Jollye,70,sjollyehb@prnewswire.com,651-444-2973
625,Natasha,Grinikhinov,57,ngrinikhinovhc@miitbeian.gov.cn,193-570-0346
626,Daisie,Piegrome,35,dpiegromehd@people.com.cn,681-192-5823
627,Roderich,Linck,55,rlinckhe@fda.gov,325-168-8097
628,Clotilda,Petegrew,58,cpetegrewhf@youtu.be,778-926-0748
629,Stefanie,Blanckley,71,sblanckleyhg@xing.com,585-632-0366
630,Berky,Mosdell,78,bmosdellhh@cargocollective.com,340-804-4849
631,Rustie,Moxley,28,rmoxleyhi@a8.net,221-481-0125
632,Ramsey,Wegman,70,rwegmanhj@hostgator.com,360-693-3758
633,Gav,Cayette,31,gcayettehk@jiathis.com,480-214-4677
634,Ellynn,Spurgeon,72,espurgeonhl@ovh.net,715-652-8303
635,Gregorius,McDonough,71,gmcdonoughhm@mac.com,345-207-3033
636,Aaron,Pitceathly,64,apitceathlyhn@marriott.com,612-819-4319
637,Gerty,Crowthe,61,gcrowtheho@senate.gov,483-905-0040
638,Yvette,Valenta,25,yvalentahp@altervista.org,381-666-2565
639,Brittany,Adriani,61,badrianihq@feedburner.com,861-353-4565
640,Rosetta,Kerridge,77,rkerridgehr@fda.gov,739-941-9316
641,Antone,Gaspar,52,agasparhs@pcworld.com,763-745-6039
642,Emiline,Winterflood,67,ewinterfloodht@joomla.org,667-376-5048
643,Shanie,Pistol,57,spistolhu@joomla.org,884-811-7588
644,Arlina,Gillibrand,67,agillibrandhv@baidu.com,791-236-7494
645,Hildegarde,Fish,64,hfishhw@slideshare.net,420-870-3109
646,Ricky,Kennerknecht,27,rkennerknechthx@fema.gov,415-316-4102
647,Jeffry,Dorracott,22,jdorracotthy@smugmug.com,789-458-3499
648,Bucky,Woolfall,39,bwoolfallhz@scribd.com,591-515-7576
649,Josie,Blacket,49,jblacketi0@webs.com,985-806-7631
650,Brendan,Aloshkin,19,baloshkini1@prnewswire.com,485-414-8724
651,Eileen,Ragless,64,eraglessi2@techcrunch.com,467-205-6181
652,Carlyle,Giacomoni,83,cgiacomonii3@icq.com,831-428-4853
653,Margo,Greening,71,mgreeningi4@guardian.co.uk,601-117-0014
654,Montague,Lomansey,33,mlomanseyi5@amazon.de,484-807-4552
655,Tripp,Colafate,76,tcolafatei6@yandex.ru,906-748-8406
656,Saloma,Thirtle,84,sthirtlei7@guardian.co.uk,267-548-5356
657,Farlie,Moncreiffe,47,fmoncreiffei8@exblog.jp,215-267-9488
658,Monique,Breslin,30,mbreslini9@disqus.com,680-811-4945
659,Paulie,Cristobal,42,pcristobalia@jugem.jp,509-296-1314
660,Garrot,Gare,45,ggareib@nature.com,764-600-4444
661,Abram,Stoneman,21,astonemanic@g.co,977-339-5405
662,Laurel,Alexandrou,22,lalexandrouid@archive.org,122-191-9678
663,Eberhard,Alcoran,48,ealcoranie@ezinearticles.com,336-839-6747
664,Fidole,Milleton,66,fmilletonif@dot.gov,218-457-4629
665,Trent,Chater,35,tchaterig@storify.com,939-968-9979
666,Brooke,Casina,64,bcasinaih@alexa.com,326-158-2332
667,Philippa,Titt,32,ptittii@disqus.com,863-617-8814
668,Dani,Dibbert,28,ddibbertij@jugem.jp,654-328-2680
669,Carce,O'Scanlon,60,coscanlonik@twitter.com,250-813-8761
670,Xylina,Leist,45,xleistil@dyndns.org,859-168-6369
671,Leda,Pearsey,31,lpearseyim@bizjournals.com,192-405-5094
672,Bethina,Eastmond,73,beastmondin@sfgate.com,507-998-5228
673,Gertrudis,Pashbee,79,gpashbeeio@gnu.org,470-107-5221
674,Cass,Demkowicz,49,cdemkowiczip@biblegateway.com,931-953-6262
675,Joice,Capell,19,jcapelliq@apache.org,730-426-0724
676,Gaylor,Olivetti,65,golivettiir@samsung.com,701-558-5834
677,Onofredo,Normandale,55,onormandaleis@salon.com,252-954-5620
678,Deanne,De Beauchamp,63,ddebeauchampit@zdnet.com,988-747-0591
679,Nels,Succamore,32,nsuccamoreiu@amazon.de,135-766-4628
680,Dalt,Handmore,18,dhandmoreiv@blinklist.com,191-805-7900
681,Calla,Loyns,47,cloynsiw@discuz.net,386-470-1259
682,Dottie,Arson,30,darsonix@cbslocal.com,623-937-8069
683,Gwenora,Foskew,56,gfoskewiy@bloglovin.com,524-162-3435
684,Ray,Snoding,80,rsnodingiz@ihg.com,525-700-4916
685,Marjie,Theaker,33,mtheakerj0@wix.com,513-580-0410
686,Ed,Woodington,84,ewoodingtonj1@senate.gov,860-143-1888
687,Llywellyn,Wathan,65,lwathanj2@aboutads.info,674-560-9182
688,Jarret,Shervil,34,jshervilj3@shop-pro.jp,296-476-9103
689,Samuele,Swaden,31,sswadenj4@eventbrite.com,911-269-5125
690,Corabel,Eustice,21,ceusticej5@cbc.ca,933-227-3420
691,Maxine,Cotton,78,mcottonj6@state.gov,913-741-5562
692,Angie,Shorter,66,ashorterj7@bandcamp.com,584-162-8784
693,Prudence,Burnall,30,pburnallj8@artisteer.com,316-184-6829
694,Mikol,Mitford,80,mmitfordj9@bigcartel.com,459-444-3200
695,Dion,Gravett,43,dgravettja@marriott.com,360-820-3215
696,Galina,Thickett,68,gthickettjb@desdev.cn,172-507-4495
697,Stirling,Robison,31,srobisonjc@sourceforge.net,386-690-5211
698,Bobina,Woofenden,48,bwoofendenjd@mac.com,546-136-1075
699,Gerardo,Peskett,54,gpeskettje@sciencedirect.com,684-337-3997
700,Chrysa,Wilding,29,cwildingjf@so-net.ne.jp,308-887-6434
701,Cristin,Hanbury-Brown,29,chanburybrownjg@elegantthemes.com,838-631-3775
702,Jocelin,Van de Vlies,76,jvandevliesjh@nasa.gov,826-946-6220
703,Linea,Grenter,58,lgrenterji@theatlantic.com,157-890-5720
704,Samuele,Vigus,83,svigusjj@issuu.com,111-543-7617
705,Albertine,Lapwood,68,alapwoodjk@goo.ne.jp,210-207-9332
706,Cory,Lucia,33,cluciajl@ucsd.edu,193-718-0403
707,Celeste,Bowry,28,cbowryjm@xinhuanet.com,742-666-4457
708,Frankie,McGillivrie,50,fmcgillivriejn@mysql.com,827-836-3268
709,Darin,Cradick,79,dcradickjo@intel.com,925-499-7325
710,Jose,Finnimore,34,jfinnimorejp@4shared.com,341-577-9025
711,Opalina,Coalbran,66,ocoalbranjq@cnn.com,310-800-2223
712,Rozamond,Marquiss,37,rmarquissjr@uiuc.edu,372-241-2194
713,Willyt,Toop,56,wtoopjs@furl.net,349-303-8623
714,Hadria,Pierton,20,hpiertonjt@twitter.com,310-908-7496
715,Tedie,Vannah,65,tvannahju@timesonline.co.uk,252-790-7984
716,Valery,Stearne,74,vstearnejv@psu.edu,642-357-2744
717,Gui,Kording,45,gkordingjw@ycombinator.com,945-596-7714
718,Jacintha,Brunker,76,jbrunkerjx@stanford.edu,270-432-7097
719,Karel,Arton,27,kartonjy@indiegogo.com,320-338-6267
720,Hersh,Jeeks,43,hjeeksjz@cnet.com,566-574-9459
721,Enos,Blackaller,47,eblackallerk0@shutterfly.com,381-224-9053
722,Boycey,Seakings,49,bseakingsk1@alexa.com,155-274-0748
723,Alma,Seabourne,71,aseabournek2@digg.com,711-351-4505
724,Godiva,Brahan,64,gbrahank3@smugmug.com,896-653-0162
725,Kermit,Waddilove,57,kwaddilovek4@privacy.gov.au,763-180-2542
726,Aldous,McKenzie,27,amckenziek5@weibo.com,152-106-6165
727,Velvet,Pardy,65,vpardyk6@china.com.cn,928-876-8378
728,Anastassia,Goudie,52,agoudiek7@wiley.com,383-184-6127
729,Becca,Ainge,19,baingek8@unblog.fr,895-425-2811
730,Natalya,Roseman,40,nrosemank9@ed.gov,574-594-6323
731,Dilly,Cozens,70,dcozenska@java.com,370-459-4553
732,Keen,Carle,68,kcarlekb@amazon.de,184-145-0135
733,Neron,Jestico,51,njesticokc@facebook.com,776-650-8760
734,Whitman,Manilove,64,wmanilovekd@wsj.com,962-122-7679
735,Lane,Moon,47,lmoonke@ovh.net,507-602-9487
736,Clovis,Sellers,72,csellerskf@europa.eu,910-876-3905
737,Timothy,Schonfelder,81,tschonfelderkg@jalbum.net,912-871-2177
738,Carlynne,Elt,73,celtkh@census.gov,892-476-1432
739,Allyn,Ibeson,63,aibesonki@cafepress.com,207-180-2247
740,Ervin,Shailer,27,eshailerkj@myspace.com,274-544-6330
741,Barrie,Arson,77,barsonkk@yahoo.co.jp,706-602-6796
742,Iago,Ragge,74,iraggekl@kickstarter.com,306-546-2403
743,Andromache,Mill,62,amillkm@phpbb.com,440-880-0097
744,Sharyl,Bitchener,81,sbitchenerkn@de.vu,155-794-4657
745,Harv,Heales,80,hhealesko@ihg.com,847-747-0942
746,Lars,Fellows,30,lfellowskp@wufoo.com,754-366-7861
747,Katha,Blench,68,kblenchkq@yolasite.com,636-282-5436
748,Alix,Connikie,54,aconnikiekr@tamu.edu,195-630-2032
749,Wendie,Bavister,22,wbavisterks@wikimedia.org,463-256-3292
750,Hally,Vettore,65,hvettorekt@sina.com.cn,757-234-4241
751,Brittaney,Grinyov,82,bgrinyovku@phoca.cz,618-452-1968
752,Tyrus,Izhak,18,tizhakkv@oracle.com,469-793-4488
753,Suzy,Tolomei,20,stolomeikw@qq.com,718-416-1909
754,Matilde,Andersson,67,manderssonkx@sciencedaily.com,325-480-1018
755,Selestina,Cabell,24,scabellky@state.tx.us,945-697-0887
756,Samara,Kilmurry,48,skilmurrykz@jimdo.com,373-530-1703
757,Marrilee,Jobbings,36,mjobbingsl0@mail.ru,875-974-2152
758,Shay,Langabeer,50,slangabeerl1@hhs.gov,485-304-7102
759,Whit,Maidlow,46,wmaidlowl2@imgur.com,963-124-8436
760,Perry,McArthur,40,pmcarthurl3@disqus.com,545-460-2381
761,Angeline,Ottawell,61,aottawelll4@scribd.com,991-714-3883
762,Hal,Guiel,71,hguiell5@abc.net.au,964-516-9638
763,Marnie,Matyatin,72,mmatyatinl6@who.int,172-458-9189
764,Doy,Frostdyke,66,dfrostdykel7@smh.com.au,284-297-9547
765,Arty,Grandisson,34,agrandissonl8@shutterfly.com,789-180-5608
766,Keene,Gwilliams,35,kgwilliamsl9@yahoo.com,130-114-5636
767,Yale,Morison,41,ymorisonla@adobe.com,891-890-9176
768,Giacomo,Goodrick,79,ggoodricklb@shareasale.com,712-334-4750
769,Gardiner,Edworthye,62,gedworthyelc@timesonline.co.uk,412-144-9717
770,Thorsten,Ximenez,75,tximenezld@yelp.com,371-600-4696
771,Arni,Housden,19,ahousdenle@creativecommons.org,541-646-3830
772,George,Crickett,32,gcrickettlf@furl.net,781-845-2830
773,Toiboid,Olijve,67,tolijvelg@gravatar.com,930-680-6942
774,Donielle,Leroy,70,dleroylh@wordpress.com,708-546-6792
775,Breena,Kauble,56,bkaubleli@japanpost.jp,315-408-1804
776,Schuyler,Ferns,68,sfernslj@addtoany.com,751-143-4512
777,Trisha,Kabsch,82,tkabschlk@europa.eu,346-197-8845
778,Ruthann,O'Grogane,55,rogroganell@usnews.com,478-866-5200
779,Wright,Healings,57,whealingslm@dagondesign.com,497-616-1286
780,Chandra,Eddie,59,ceddieln@timesonline.co.uk,334-595-6314
781,Tammy,Antonognoli,69,tantonognolilo@bloglines.com,887-488-8773
782,Kiele,Pantry,65,kpantrylp@biblegateway.com,820-861-5515
783,Waylan,Mangenet,61,wmangenetlq@businessinsider.com,779-923-3994
784,Danell,Churchouse,57,dchurchouselr@nifty.com,448-996-6594
785,Sauveur,Halston,41,shalstonls@prlog.org,680-353-9672
786,Lionel,Savin,32,lsavinlt@qq.com,971-770-3403
787,Retha,Graeme,78,rgraemelu@yolasite.com,655-545-6286
788,Iolanthe,Larmouth,24,ilarmouthlv@yahoo.com,417-720-2930
789,Marin,Mariaud,55,mmariaudlw@ucsd.edu,457-137-0808
790,Allianora,Broadis,58,abroadislx@usnews.com,390-585-3195
791,Levin,Lalevee,38,llaleveely@nature.com,587-116-0669
792,Carline,Conechie,32,cconechielz@howstuffworks.com,768-427-0201
793,Angele,Forder,54,aforderm0@shareasale.com,777-162-8174
794,Towney,Balazin,37,tbalazinm1@blogger.com,568-106-1141
795,Falkner,Easbie,73,feasbiem2@opensource.org,871-628-3314
796,Gerald,Bridal,79,gbridalm3@goo.ne.jp,620-451-3635
797,Cyril,Letixier,53,cletixierm4@biglobe.ne.jp,811-328-8511
798,Sayer,Maxsted,34,smaxstedm5@blog.com,563-285-3632
799,Yehudit,Riggeard,42,yriggeardm6@yellowbook.com,754-620-8882
800,Jania,Bravey,28,jbraveym7@istockphoto.com,215-729-4767
801,Billy,Lodden,68,bloddenm8@amazonaws.com,236-441-1751
802,Ab,Olligan,70,aolliganm9@devhub.com,590-551-7053
803,Adan,Fitzgerald,67,afitzgeraldma@soundcloud.com,533-753-9846
804,Laryssa,Chirm,62,lchirmmb@nih.gov,319-536-6067
805,Electra,Daughtry,67,edaughtrymc@reference.com,756-132-2116
806,Edyth,Pobjay,65,epobjaymd@sciencedaily.com,641-446-5156
807,Ewan,Sleith,84,esleithme@youtube.com,180-278-1737
808,Karee,O'Sheeryne,81,kosheerynemf@deviantart.com,513-124-5956
809,Dawn,Grealish,51,dgrealishmg@engadget.com,882-513-2605
810,Aubrey,Carah,45,acarahmh@gnu.org,278-740-2216
811,Isabeau,Segeswoeth,43,isegeswoethmi@upenn.edu,602-609-5549
812,Steven,Wasylkiewicz,63,swasylkiewiczmj@jimdo.com,244-806-1547
813,Kermy,Dykes,71,kdykesmk@hud.gov,882-902-6247
814,Kristine,Mapowder,27,kmapowderml@deliciousdays.com,114-871-3798
815,Batsheva,Mowen,40,bmowenmm@example.com,388-408-2406
816,Reina,Pavis,34,rpavismn@ustream.tv,748-510-7026
817,Flore,Cesconi,72,fcesconimo@exblog.jp,309-980-7598
818,Nealy,Collcutt,23,ncollcuttmp@ifeng.com,232-144-3820
819,Remy,Fley,30,rfleymq@latimes.com,941-103-0989
820,Charley,Howgill,25,chowgillmr@sciencedaily.com,150-546-9079
821,Raynard,Ivanichev,84,rivanichevms@ftc.gov,392-566-1554
822,Kathe,Ruthen,74,kruthenmt@miibeian.gov.cn,986-178-5023
823,Pennie,Farden,29,pfardenmu@nymag.com,576-218-2859
824,Marlane,Larrington,34,mlarringtonmv@blogger.com,619-104-0713
825,Tiphani,Hurdle,18,thurdlemw@nsw.gov.au,685-138-8865
826,Agretha,Macklam,27,amacklammx@diigo.com,855-360-6311
827,Robinet,Devers,65,rdeversmy@netvibes.com,246-572-7360
828,Marcela,Iozefovich,38,miozefovichmz@woothemes.com,386-881-0328
829,Effie,De Fraine,79,edefrainen0@sohu.com,227-531-8838
830,Enoch,Goulborne,47,egoulbornen1@livejournal.com,730-265-4937
831,Rozalie,Batterton,67,rbattertonn2@livejournal.com,210-760-6690
832,Dalila,Bomb,22,dbombn3@example.com,564-150-7870
833,Frederich,Brucker,61,fbruckern4@cornell.edu,189-333-2805
834,Jobina,Drei,73,jdrein5@joomla.org,309-849-2677
835,Gard,Maffioletti,62,gmaffiolettin6@de.vu,665-703-7941
836,Ruperto,Gemeau,53,rgemeaun7@lycos.com,256-957-4024
837,Chad,Sine,72,csinen8@google.fr,802-427-9422
838,Elmira,Keller,46,ekellern9@clickbank.net,682-436-3406
839,Burnard,Pruce,52,bprucena@com.com,587-112-7095
840,Galina,Cowsby,31,gcowsbynb@theglobeandmail.com,909-538-8118
841,Camala,Fullstone,33,cfullstonenc@gov.uk,832-923-3271
842,Katrinka,McClymond,28,kmcclymondnd@pcworld.com,474-721-8104
843,Nils,Howes,58,nhowesne@rediff.com,624-257-3063
844,Corney,Tourne,35,ctournenf@cbsnews.com,939-509-8130
845,Krissie,Brahmer,66,kbrahmerng@dell.com,827-727-6702
846,Michaelina,Poag,58,mpoagnh@tuttocitta.it,123-292-4955
847,Kin,Nuttall,57,knuttallni@pagesperso-orange.fr,785-150-8520
848,King,Critchlow,53,kcritchlownj@t.co,435-710-3602
849,Linc,Nurny,85,lnurnynk@abc.net.au,814-182-4515
850,Tabb,Penni,50,tpenninl@huffingtonpost.com,444-272-7412
851,Benjy,Jerger,62,bjergernm@acquirethisname.com,133-298-5691
852,Virginie,Lampitt,54,vlampittnn@nbcnews.com,868-155-6984
853,Gaile,Drains,62,gdrainsno@php.net,520-375-5672
854,Georgeanne,Rouchy,82,grouchynp@ftc.gov,526-232-1704
855,Octavia,Advani,32,oadvaninq@google.fr,168-274-7060
856,Florri,Vink,76,fvinknr@newyorker.com,475-207-4501
857,Delinda,Pitkeathly,50,dpitkeathlyns@biblegateway.com,982-891-9452
858,Drusie,MacDearmid,36,dmacdearmidnt@weibo.com,514-167-5849
859,Kenyon,Laffling,21,klafflingnu@booking.com,950-558-6706
860,Milzie,Bonner,80,mbonnernv@bizjournals.com,754-885-1145
861,Clary,Rigardeau,37,crigardeaunw@nature.com,937-952-8760
862,Alana,Dorot,34,adorotnx@opera.com,200-981-5749
863,Maribelle,Dewire,45,mdewireny@businessinsider.com,875-559-0006
864,Veronika,Frunks,61,vfrunksnz@dot.gov,339-796-1947
865,Hill,Slide,46,hslideo0@ehow.com,600-722-0617
866,Nelle,O'Deoran,38,nodeorano1@dagondesign.com,256-436-1413
867,Jacquie,Charlot,38,jcharloto2@nps.gov,708-138-4281
868,Pat,Ramirez,39,pramirezo3@booking.com,381-828-8694
869,Catherin,Gerry,78,cgerryo4@amazon.de,106-160-0044
870,Rodolph,Izakovitz,45,rizakovitzo5@google.nl,115-433-7339
871,Daveta,Presland,47,dpreslando6@blog.com,854-217-5800
872,Minnnie,Luney,46,mluneyo7@bravesites.com,821-994-9372
873,Orson,Horder,28,ohordero8@yahoo.com,676-194-2962
874,Leanna,Ragles,84,lragleso9@youtube.com,397-818-8670
875,Effie,Jakes,26,ejakesoa@exblog.jp,282-770-5647
876,Ozzie,Georgeau,58,ogeorgeauob@shareasale.com,307-972-4817
877,Amie,Larderot,82,alarderotoc@nytimes.com,286-314-8227
878,Jolyn,Jandera,32,jjanderaod@mashable.com,916-821-7671
879,Penn,Tithecott,65,ptithecottoe@fda.gov,934-424-5480
880,Corrine,Barniss,38,cbarnissof@hc360.com,929-500-0465
881,Wash,Yorath,29,wyorathog@nydailynews.com,886-996-3686
882,Reinaldos,Pennuzzi,62,rpennuzzioh@redcross.org,523-470-5557
883,Wolfy,Crippin,47,wcrippinoi@technorati.com,160-696-0519
884,Orbadiah,Stirgess,55,ostirgessoj@cdc.gov,763-960-6375
885,Timothea,Berling,33,tberlingok@dell.com,704-829-3882
886,Charo,Keedwell,48,ckeedwellol@xrea.com,737-292-5613
887,Min,Fisher,71,mfisherom@narod.ru,633-159-7874
888,Agretha,Findley,22,afindleyon@cnet.com,975-365-4917
889,Angelique,Vautier,55,avautieroo@over-blog.com,751-920-6156
890,Crawford,Gwyn,84,cgwynop@sourceforge.net,420-816-4176
891,Anne-marie,Shardlow,62,ashardlowoq@harvard.edu,840-956-5979
892,Berk,Shoutt,81,bshouttor@infoseek.co.jp,529-146-7777
893,Sena,Britt,65,sbrittos@freewebs.com,968-940-4057
894,Sosanna,Shelmardine,41,sshelmardineot@ask.com,356-621-6236
895,Rafferty,Rosendorf,49,rrosendorfou@geocities.com,919-565-4701
896,Sydel,Vassano,44,svassanoov@mapy.cz,956-497-2891
897,Kesley,Habin,48,khabinow@google.com,143-130-8190
898,Goldi,Duesberry,84,gduesberryox@photobucket.com,746-157-8791
899,Roger,Lidgett,44,rlidgettoy@bizjournals.com,696-345-2975
900,Tim,Mabbot,77,tmabbotoz@delicious.com,188-444-0941
901,Trever,Radloff,29,tradloffp0@jalbum.net,683-618-5429
902,Hamel,Campion,83,hcampionp1@narod.ru,680-360-8621
903,Darbie,Elstub,48,delstubp2@creativecommons.org,937-879-5271
904,Kissee,O'Fihily,36,kofihilyp3@illinois.edu,551-955-6645
905,Mar,Lauthian,82,mlauthianp4@i2i.jp,806-649-1329
906,Van,Bunyan,63,vbunyanp5@hexun.com,188-575-5406
907,Kele,Spykins,22,kspykinsp6@hugedomains.com,342-571-9214
908,Cullin,Marcussen,70,cmarcussenp7@bluehost.com,965-857-2847
909,Theobald,Faulds,56,tfauldsp8@163.com,894-694-3411
910,Tommy,Lilbourne,21,tlilbournep9@jiathis.com,358-206-0188
911,Cly,Badwick,51,cbadwickpa@state.gov,148-440-4953
912,Selma,Playhill,51,splayhillpb@harvard.edu,726-368-1518
913,Iago,Rountree,33,irountreepc@addthis.com,439-526-3084
914,Alane,Mc Gorley,76,amcgorleypd@ebay.co.uk,479-233-9790
915,Darb,Bour,51,dbourpe@altervista.org,977-990-0678
916,Robert,Mignot,64,rmignotpf@hugedomains.com,198-922-3406
917,Timmie,Blackstock,68,tblackstockpg@bigcartel.com,555-859-0608
918,Gweneth,Crannell,73,gcrannellph@merriam-webster.com,787-362-1256
919,Pammi,Renfrew,81,prenfrewpi@canalblog.com,457-413-6638
920,Anallese,Otham,30,aothampj@ucla.edu,187-823-5199
921,Celestia,Boulds,33,cbouldspk@google.pl,182-690-0905
922,Viv,Mellsop,59,vmellsoppl@mashable.com,195-828-2440
923,Minetta,Softley,54,msoftleypm@wunderground.com,320-585-0610
924,Mallory,Lattey,18,mlatteypn@cdbaby.com,576-673-1629
925,Kath,Dunaway,43,kdunawaypo@live.com,686-471-9149
926,Kelsi,Ilyuchyov,57,kilyuchyovpp@flavors.me,483-912-9950
927,Whitney,Patinkin,82,wpatinkinpq@g.co,690-903-3914
928,Jennie,Alexsandrowicz,61,jalexsandrowiczpr@phoca.cz,737-164-1796
929,Nolana,Steabler,29,nsteablerps@omniture.com,725-354-1000
930,Zaccaria,Wickardt,39,zwickardtpt@addtoany.com,670-127-8067
931,Daune,Ditty,51,ddittypu@dedecms.com,312-878-4299
932,Shandra,Salerg,73,ssalergpv@mysql.com,189-892-6069
933,Mic,Grieger,47,mgriegerpw@unesco.org,656-662-4862
934,Lauren,Sterman,36,lstermanpx@lulu.com,668-981-3324
935,Alanna,Wield,21,awieldpy@nasa.gov,114-240-4785
936,Elsie,Udall,64,eudallpz@netlog.com,728-636-7458
937,Hilda,Prettyjohns,60,hprettyjohnsq0@dyndns.org,943-246-8107
938,Skipton,Bullock,47,sbullockq1@newsvine.com,250-207-4578
939,Cris,Godman,47,cgodmanq2@topsy.com,349-581-3126
940,Meggie,McMurdo,45,mmcmurdoq3@ibm.com,545-409-3531
941,Perl,Fibbens,75,pfibbensq4@gov.uk,416-749-8118
942,Lu,Nestle,38,lnestleq5@army.mil,638-851-8872
943,Stacee,Crooks,19,scrooksq6@eventbrite.com,900-800-6572
944,Edgar,Comber,80,ecomberq7@un.org,667-359-7120
945,Rosabella,Po,50,rpoq8@yandex.ru,836-125-2916
946,Boote,Jenken,72,bjenkenq9@histats.com,689-948-6139
947,Stefano,Kopisch,36,skopischqa@ted.com,766-554-5668
948,Antonin,Gamon,57,agamonqb@bloglovin.com,962-128-6379
949,Olympia,Fehely,77,ofehelyqc@flickr.com,765-694-1685
950,Chiquita,MacIlriach,23,cmacilriachqd@ucoz.ru,379-989-7820
951,Annaliese,Rogans,38,arogansqe@go.com,847-429-4595
952,Aili,Wendover,73,awendoverqf@fc2.com,846-485-9033
953,Janka,Smitton,25,jsmittonqg@mail.ru,511-751-5359
954,Linea,Bunnell,81,lbunnellqh@tamu.edu,236-293-1978
955,Katharina,Paice,75,kpaiceqi@alibaba.com,188-189-7607
956,Merlina,Bernardoni,80,mbernardoniqj@auda.org.au,303-462-9782
957,Allin,Castel,59,acastelqk@hc360.com,753-867-1214
958,Beret,Oade,31,boadeql@loc.gov,313-936-1512
959,Shay,Kenelin,40,skenelinqm@sciencedirect.com,266-995-7639
960,Nevin,Prott,57,nprottqn@cpanel.net,238-868-1483
961,Clemmie,Cairns,78,ccairnsqo@squidoo.com,359-665-4432
962,Linnell,Kiely,82,lkielyqp@lulu.com,734-398-8650
963,Cassey,Baudoux,24,cbaudouxqq@nationalgeographic.com,842-741-0897
964,Vera,Stuchbery,47,vstuchberyqr@istockphoto.com,140-818-0030
965,Bard,Gomersal,45,bgomersalqs@umich.edu,141-351-5509
966,Annnora,Gonsalo,40,agonsaloqt@yellowbook.com,493-992-8247
967,Twyla,Martinet,74,tmartinetqu@alibaba.com,746-176-4161
968,Harlen,Whitemarsh,25,hwhitemarshqv@pbs.org,749-209-1701
969,Frederigo,Stritton,45,fstrittonqw@pcworld.com,687-333-8841
970,Chantalle,Brisco,83,cbriscoqx@netscape.com,891-205-2072
971,Marga,Vallis,66,mvallisqy@infoseek.co.jp,599-190-5469
972,Daron,Cumbridge,25,dcumbridgeqz@hp.com,915-458-9308
973,Mattie,Whitland,34,mwhitlandr0@boston.com,701-827-3128
974,Lonnie,Leisk,47,lleiskr1@nbcnews.com,922-345-3092
975,Jillane,Terzza,58,jterzzar2@tinyurl.com,233-362-7777
976,Agnella,Jakov,32,ajakovr3@amazon.co.jp,713-104-6135
977,Gerhard,Embury,67,gemburyr4@shutterfly.com,167-110-8368
978,Powell,Wick,36,pwickr5@wikispaces.com,210-780-0047
979,Ely,Mitten,83,emittenr6@moonfruit.com,926-890-5683
980,Ailsun,Ewbanche,29,aewbancher7@bravesites.com,686-397-3405
981,Mara,Wrate,57,mwrater8@china.com.cn,237-495-4027
982,Garald,Cholerton,54,gcholertonr9@baidu.com,374-918-7409
983,Easter,Hoodspeth,54,ehoodspethra@shareasale.com,349-779-8851
984,Kerrill,Dewhurst,76,kdewhurstrb@auda.org.au,854-242-9751
985,Kissiah,Vasyukhnov,41,kvasyukhnovrc@freewebs.com,742-481-7063
986,Rebe,Andrzejczak,22,randrzejczakrd@mozilla.org,162-822-2041
987,Edwin,Chaikovski,85,echaikovskire@ucoz.com,196-753-7688
988,Sheree,Devaney,59,sdevaneyrf@mediafire.com,989-661-7313
989,Carmel,Eldon,63,celdonrg@typepad.com,231-634-0497
990,Marthena,Dunbobin,36,mdunbobinrh@cbslocal.com,936-589-8248
991,Kassie,Dyter,46,kdyterri@over-blog.com,257-253-1250
992,Brigit,George,78,bgeorgerj@bluehost.com,737-123-0624
993,Gilli,Hallward,21,ghallwardrk@addthis.com,887-651-7596
994,Oren,Catford,18,ocatfordrl@wix.com,804-135-9860
995,Gearard,Lazare,23,glazarerm@theatlantic.com,783-609-0610
996,Yolande,Grossier,36,ygrossierrn@furl.net,694-548-9108
997,Melosa,Stroulger,81,mstroulgerro@umn.edu,170-407-0699
998,Rolland,Grebert,47,rgrebertrp@fda.gov,824-611-3187
999,Garvin,Eagan,32,geaganrq@blogger.com,212-263-6303
1000,Yolane,Camp,69,ycamprr@mozilla.org,566-472-5345
